{
  "IcoMoonType": "selection",
  "icons": [
    {
      "icon": {
        "paths": [
          "M126.5 208c-26.509 0-48 21.49-48 48s21.491 48 48 48v-96zM885.542 304c26.512 0 48-21.49 48-48s-21.488-48-48-48v96zM126.5 304h759.043v-96h-759.043v96z",
          "M126.5 464c-26.509 0-48 21.491-48 48s21.491 48 48 48v-96zM885.542 560c26.512 0 48-21.491 48-48s-21.488-48-48-48v96zM126.5 560h759.043v-96h-759.043v96z",
          "M126.5 720c-26.509 0-48 21.491-48 48s21.491 48 48 48v-96zM885.542 816c26.512 0 48-21.491 48-48s-21.488-48-48-48v96zM126.5 816h759.043v-96h-759.043v96z"
        ],
        "attrs": [
          {
            "fill": "rgb(233, 117, 34)"
          },
          {
            "fill": "rgb(233, 117, 34)"
          },
          {
            "fill": "rgb(233, 117, 34)"
          }
        ],
        "isMulticolor": false,
        "isMulticolor2": false,
        "grid": 0,
        "tags": [
          "call"
        ],
        "colorPermutations": {
          "17717717712331173417474741": [
            {
              "f": 1
            },
            {
              "f": 1
            },
            {
              "f": 1
            }
          ]
        }
      },
      "attrs": [
        {
          "fill": "rgb(233, 117, 34)"
        },
        {
          "fill": "rgb(233, 117, 34)"
        },
        {
          "fill": "rgb(233, 117, 34)"
        }
      ],
      "properties": {
        "order": 27,
        "id": 9,
        "name": "menu",
        "prevSize": 32
      },
      "setIdx": 0,
      "setId": 5,
      "iconIdx": 0
    },
    {
      "icon": {
        "paths": [
          "M489.739 934.93l-388.609-388.572c-16.115-16.117-16.115-42.242-0.001-58.355l388.611-388.612"
        ],
        "attrs": [
          {
            "fill": "none",
            "stroke": "rgb(233, 117, 34)",
            "strokeLinejoin": "miter",
            "strokeLinecap": "round",
            "strokeMiterlimit": "4",
            "strokeWidth": 133.56521739130434
          }
        ],
        "width": 579,
        "isMulticolor": false,
        "isMulticolor2": false,
        "grid": 0,
        "tags": [
          "arrow_left"
        ],
        "colorPermutations": {
          "17717717712331173417474741": [
            {
              "s": 1
            }
          ]
        }
      },
      "attrs": [
        {
          "fill": "none",
          "stroke": "rgb(233, 117, 34)",
          "strokeLinejoin": "miter",
          "strokeLinecap": "round",
          "strokeMiterlimit": "4",
          "strokeWidth": 133.56521739130434
        }
      ],
      "properties": {
        "order": 17,
        "id": 8,
        "name": "arrow_left",
        "prevSize": 32
      },
      "setIdx": 0,
      "setId": 5,
      "iconIdx": 1
    },
    {
      "icon": {
        "paths": [
          "M89.043 89.070l388.608 388.573c16.117 16.117 16.117 42.242 0.004 58.355l-388.612 388.612"
        ],
        "attrs": [
          {
            "fill": "none",
            "stroke": "rgb(233, 117, 34)",
            "strokeLinejoin": "miter",
            "strokeLinecap": "round",
            "strokeMiterlimit": "4",
            "strokeWidth": 133.56521739130434
          }
        ],
        "width": 579,
        "isMulticolor": false,
        "isMulticolor2": false,
        "grid": 0,
        "tags": [
          "arrow-right"
        ],
        "colorPermutations": {
          "17717717712331173417474741": [
            {
              "s": 1
            }
          ]
        }
      },
      "attrs": [
        {
          "fill": "none",
          "stroke": "rgb(233, 117, 34)",
          "strokeLinejoin": "miter",
          "strokeLinecap": "round",
          "strokeMiterlimit": "4",
          "strokeWidth": 133.56521739130434
        }
      ],
      "properties": {
        "order": 18,
        "id": 7,
        "name": "arrow-right",
        "prevSize": 32
      },
      "setIdx": 0,
      "setId": 5,
      "iconIdx": 2
    },
    {
      "icon": {
        "paths": [
          "M956.288 699.479c-68.224 0-134.231-11.095-195.799-31.063-19.41-6.656-41.042-1.664-56.018 13.312l-87.086 109.271c-156.969-74.88-303.955-216.32-382.163-378.839l108.16-92.074c14.976-15.531 19.413-37.163 13.312-56.576-20.523-61.568-31.062-127.574-31.062-195.798 0-29.952-24.96-54.912-54.912-54.912h-191.914c-29.952 0-66.006 13.312-66.006 54.912 0 515.287 428.758 943.488 943.488 943.488 39.383 0 54.912-34.944 54.912-65.449v-191.36c0-29.952-24.96-54.912-54.912-54.912z"
        ],
        "attrs": [
          {
            "fill": "rgb(74, 74, 74)"
          }
        ],
        "isMulticolor": false,
        "isMulticolor2": false,
        "grid": 0,
        "tags": [
          "call"
        ],
        "colorPermutations": {
          "17717717712331173417474741": [
            {
              "f": 0
            }
          ]
        }
      },
      "attrs": [
        {
          "fill": "rgb(74, 74, 74)"
        }
      ],
      "properties": {
        "order": 19,
        "id": 6,
        "name": "call",
        "prevSize": 32
      },
      "setIdx": 0,
      "setId": 5,
      "iconIdx": 3
    },
    {
      "icon": {
        "paths": [
          "M488.329 269.841v119.953h233.703l-37.369 184.997h-196.334v449.209h-263.362v-449.209h-214.129v-184.997h214.129v-140.883c0-160.464 125.749-248.911 318.525-248.911 92.236 0 188.621 12.603 188.621 12.603v157.314h-106.47c-104.692 0-137.315 49.287-137.315 99.924z"
        ],
        "attrs": [
          {
            "fill": "rgb(177, 177, 177)"
          }
        ],
        "width": 760,
        "isMulticolor": false,
        "isMulticolor2": false,
        "grid": 0,
        "tags": [
          "FACEBOOK"
        ],
        "colorPermutations": {
          "17717717712331173417474741": [
            {
              "f": 2
            }
          ]
        }
      },
      "attrs": [
        {
          "fill": "rgb(177, 177, 177)"
        }
      ],
      "properties": {
        "order": 20,
        "id": 5,
        "name": "FACEBOOK",
        "prevSize": 32
      },
      "setIdx": 0,
      "setId": 5,
      "iconIdx": 4
    },
    {
      "icon": {
        "paths": [
          "M1007.57 176.572c-13.348-33.633-30.948-62.16-59.769-90.688-28.824-28.528-57.645-45.945-91.625-59.158-32.768-12.612-70.388-21.021-125.605-23.723-55.217-2.402-72.813-3.003-213.286-3.003-140.47 0-158.066 0.601-213.285 3.003-54.914 2.703-92.535 11.111-125.605 24.023-33.98 13.213-62.803 30.63-91.625 59.158s-46.419 57.056-59.768 90.689c-12.743 32.431-21.238 69.668-23.968 124.021-2.427 54.652-3.034 72.070-3.034 211.106s0.607 156.454 3.034 211.106c2.731 54.655 11.226 91.889 24.271 124.32 13.349 33.633 30.946 62.163 59.769 90.69s57.645 45.945 91.625 59.157c32.767 12.612 70.387 21.322 125.605 23.724s72.816 3.003 213.286 3.003c140.47 0 158.069-0.601 213.286-3.003 54.913-2.401 92.533-11.112 125.605-23.724 33.98-13.213 62.801-30.631 91.625-59.157 28.821-28.527 46.417-57.057 59.769-90.69 12.741-32.431 21.54-69.665 23.968-124.32 2.425-54.652 3.032-72.070 3.032-211.106s-0.608-156.454-3.032-211.106c-2.732-54.353-11.532-91.59-24.272-124.322zM517.285 775.056c-146.842 0-265.772-117.714-265.772-263.056s118.93-263.057 265.772-263.057c146.842 0 265.774 117.715 265.774 263.057s-118.933 263.056-265.774 263.056zM793.676 300.293c-34.281 0-62.193-27.627-62.193-61.56s27.912-61.56 62.193-61.56c34.284 0 62.196 27.627 62.196 61.56-0.304 33.933-27.912 61.56-62.196 61.56zM689.915 512c0 94.291-77.061 170.565-172.326 170.565s-172.326-76.275-172.326-170.565c0-94.291 77.061-170.565 172.326-170.565 94.961 0 172.326 76.275 172.326 170.565z"
        ],
        "attrs": [
          {
            "fill": "rgb(177, 177, 177)"
          }
        ],
        "width": 1057,
        "isMulticolor": false,
        "isMulticolor2": false,
        "grid": 0,
        "tags": [
          "INSTAGRAM"
        ],
        "colorPermutations": {
          "17717717712331173417474741": [
            {
              "f": 2
            }
          ]
        }
      },
      "attrs": [
        {
          "fill": "rgb(177, 177, 177)"
        }
      ],
      "properties": {
        "order": 21,
        "id": 4,
        "name": "INSTAGRAM",
        "prevSize": 32
      },
      "setIdx": 0,
      "setId": 5,
      "iconIdx": 5
    },
    {
      "icon": {
        "paths": [
          "M899.18 727.014c0 82.12-27.438 150.907-82.319 206.362-54.825 55.439-123.013 83.169-204.57 83.185h-240.399v-392.929h155.166v249.779h85.233c41.073 0 74.542-13.389 100.403-40.166 25.897-26.685 38.83-62.095 38.789-106.23 0-44.14-12.928-79.59-38.789-106.348-25.846-26.737-59.31-40.11-100.403-40.11h-325.628c-45.591 0.66-90.674-9.452-131.439-29.481-2.625-1.285-5.249-2.683-7.816-4.081-24.149-13.271-46.161-29.972-65.319-49.565-52.014-52.149-81.431-122.012-82.089-194.954v-22.435c2.283-77.367 29.646-142.519 82.092-195.457 54.821-55.436 123.012-83.164 204.571-83.184h240.395v392.986h-155.166v-249.833h-85.229c-41.074 0-74.542 13.37-100.403 40.11-25.9 26.741-38.85 62.171-38.85 106.288 0 44.193 12.95 79.641 38.85 106.343 25.842 26.741 59.31 40.13 100.403 40.167h325.628c81.577 0 149.765 27.691 204.57 83.074 54.881 55.439 82.319 124.262 82.319 206.479z",
          "M1456.947 0h-138.691l-146.954 436.696h123.418l19.087-63.011h148.229l19.087 63.011h122.788l-146.964-436.696zM1343.073 277.615l44.534-148.476 45.169 148.476h-89.702z",
          "M1817.713 0h-181.315v289.913h117.059v-181.987h64.256c14.085-0.491 28.114 1.952 41.165 7.167s24.822 13.086 34.545 23.091c19.502 20.175 29.256 46.896 29.261 80.163 0 33.276-9.754 59.997-29.261 80.163-9.723 10.007-21.494 17.878-34.545 23.093s-27.080 7.658-41.165 7.165h-181.315v107.927h181.315c61.491 0 112.911-20.899 154.271-62.698 41.364-41.799 62.039-93.682 62.034-155.65 0-61.965-20.68-113.848-62.029-155.65-41.354-41.802-92.78-62.701-154.276-62.698z",
          "M2268.114 0h-181.315v107.927h181.315c14.085-0.491 28.114 1.952 41.165 7.167 13.046 5.216 24.822 13.086 34.545 23.091 19.497 20.177 29.256 46.898 29.261 80.163 0 33.276-9.754 59.997-29.261 80.163-9.723 10.007-21.494 17.878-34.545 23.093s-27.080 7.657-41.165 7.165h-64.256v-181.986h-117.059v289.913h181.315c61.486 0 112.911-20.899 154.271-62.698s62.039-93.682 62.029-155.65c0-61.965-20.675-113.848-62.029-155.65s-92.774-62.701-154.271-62.698z",
          "M1344.338 577.956c20.844-0.543 41.59 2.985 61.030 10.378 19.441 7.388 37.192 18.493 52.219 32.666 30.531 28.703 45.798 65.306 45.804 109.804 0 44.508-15.268 81.106-45.804 109.793-15.027 14.177-32.778 25.283-52.219 32.671s-40.187 10.916-61.030 10.373h-59.167v131.016h-113.869v-436.7h173.036zM1344.338 777.59c5.99 0.123 11.945-0.978 17.475-3.231 5.53-2.258 10.522-5.622 14.653-9.876 4.367-4.47 7.772-9.754 10.010-15.539 2.243-5.786 3.277-11.955 3.041-18.14 0.256-6.144-0.768-12.268-3.011-18.007-2.248-5.74-5.663-10.972-10.040-15.37-4.178-4.168-9.185-7.46-14.71-9.656-5.524-2.202-11.453-3.272-17.418-3.139h-59.167v92.959h59.167z",
          "M1787.11 577.9h113.239v436.705h-113.239v-167.818h-125.338v167.818h-113.874v-436.705h113.874v161.577h125.338v-161.577z",
          "M2353.065 958.198c-44.431 42.209-103.869 65.812-165.729 65.812s-121.298-23.603-165.729-65.812c-22.036-20.966-39.429-46.162-51.087-74.020-11.658-27.853-17.331-57.769-16.666-87.875-0.666-30.1 5.012-60.017 16.671-87.869 11.658-27.858 29.046-53.059 51.082-74.025 44.431-42.209 103.869-65.807 165.729-65.807 61.865 0 121.298 23.598 165.729 65.807 22.036 20.972 39.424 46.167 51.082 74.025 11.658 27.853 17.331 57.769 16.671 87.869 0.666 30.106-5.012 60.017-16.671 87.875s-29.046 53.053-51.082 74.020zM2101.448 881.464c20.209 21.125 47.304 34.678 76.605 38.323 29.307 3.64 58.993-2.852 83.937-18.365 24.95-15.508 43.597-39.071 52.736-66.616 9.134-27.546 8.187-57.354-2.678-84.291-10.87-26.936-30.976-49.311-56.858-63.268-25.882-13.962-55.921-18.632-84.941-13.21-29.015 5.427-55.194 20.603-74.025 42.921s-29.133 50.381-29.133 79.345c-0.538 15.749 2.232 31.437 8.146 46.085 5.908 14.648 14.833 27.95 26.209 39.076z",
          "M2756.71 577.9v107.924h-110.070v328.781h-113.874v-328.781h-110.065v-107.924h334.008z",
          "M3157.862 958.198c-44.431 42.209-103.864 65.812-165.724 65.812-61.865 0-121.298-23.603-165.729-65.812-22.036-20.966-39.429-46.162-51.087-74.020-11.658-27.853-17.336-57.769-16.671-87.875-0.66-30.1 5.012-60.017 16.671-87.869 11.658-27.858 29.051-53.053 51.087-74.025 44.431-42.209 103.864-65.807 165.724-65.807 61.865 0 121.298 23.598 165.729 65.807 22.036 20.972 39.429 46.167 51.082 74.025 11.658 27.853 17.336 57.769 16.676 87.869 0.66 30.106-5.012 60.017-16.671 87.875s-29.046 53.053-51.087 74.020zM2906.25 881.464c20.209 21.125 47.299 34.678 76.605 38.323 29.307 3.64 58.988-2.852 83.937-18.365 24.945-15.508 43.597-39.071 52.731-66.616 9.139-27.546 8.192-57.354-2.678-84.291-10.865-26.936-30.971-49.311-56.858-63.268-25.882-13.962-55.921-18.632-84.936-13.21-29.020 5.427-55.199 20.603-74.030 42.921s-29.133 50.381-29.133 79.345c-0.538 15.749 2.237 31.437 8.146 46.085 5.914 14.648 14.833 27.95 26.214 39.076z"
        ],
        "attrs": [
          {
            "fill": "rgb(74, 74, 74)"
          },
          {
            "fill": "rgb(233, 117, 34)"
          },
          {
            "fill": "rgb(233, 117, 34)"
          },
          {
            "fill": "rgb(233, 117, 34)"
          },
          {
            "fill": "rgb(177, 177, 177)"
          },
          {
            "fill": "rgb(177, 177, 177)"
          },
          {
            "fill": "rgb(177, 177, 177)"
          },
          {
            "fill": "rgb(177, 177, 177)"
          },
          {
            "fill": "rgb(177, 177, 177)"
          }
        ],
        "width": 3226,
        "isMulticolor": true,
        "isMulticolor2": false,
        "grid": 0,
        "tags": [
          "logo"
        ],
        "colorPermutations": {
          "17717717712331173417474741": [
            {
              "f": 0
            },
            {
              "f": 1
            },
            {
              "f": 1
            },
            {
              "f": 1
            },
            {
              "f": 2
            },
            {
              "f": 2
            },
            {
              "f": 2
            },
            {
              "f": 2
            },
            {
              "f": 2
            }
          ]
        }
      },
      "attrs": [
        {
          "fill": "rgb(74, 74, 74)"
        },
        {
          "fill": "rgb(233, 117, 34)"
        },
        {
          "fill": "rgb(233, 117, 34)"
        },
        {
          "fill": "rgb(233, 117, 34)"
        },
        {
          "fill": "rgb(177, 177, 177)"
        },
        {
          "fill": "rgb(177, 177, 177)"
        },
        {
          "fill": "rgb(177, 177, 177)"
        },
        {
          "fill": "rgb(177, 177, 177)"
        },
        {
          "fill": "rgb(177, 177, 177)"
        }
      ],
      "properties": {
        "order": 22,
        "id": 3,
        "name": "logo",
        "prevSize": 32
      },
      "setIdx": 0,
      "setId": 5,
      "iconIdx": 6
    },
    {
      "icon": {
        "paths": [
          "M1278.35 96.284c-3.144 41.723-29.078 187.574-54.621 345.033l-80.558 467.304c0 0-6.288 68.57-61.303 80.179-54.621 11.973-145.006-41.722-161.117-53.696-12.967-9.068-241.675-142.947-325.374-208.251-22.399-17.78-48.337-53.699 3.14-95.058 115.928-98.323 254.646-220.228 338.345-297.508 38.514-35.556 77.414-119.003-83.699-17.778l-454.273 282.632c0 0-51.477 29.749-148.147 2.901s-209.451-62.403-209.451-62.403c0 0-77.414-44.624 54.622-92.152l750.96-285.535c74.27-29.751 325.374-124.807 325.374-124.807s115.928-41.723 106.102 59.139z"
        ],
        "attrs": [
          {
            "fill": "rgb(177, 177, 177)"
          }
        ],
        "width": 1289,
        "isMulticolor": false,
        "isMulticolor2": false,
        "grid": 0,
        "tags": [
          "TELEGRAM"
        ],
        "colorPermutations": {
          "17717717712331173417474741": [
            {
              "f": 2
            }
          ]
        }
      },
      "attrs": [
        {
          "fill": "rgb(177, 177, 177)"
        }
      ],
      "properties": {
        "order": 24,
        "id": 1,
        "name": "TELEGRAM",
        "prevSize": 32
      },
      "setIdx": 0,
      "setId": 5,
      "iconIdx": 7
    },
    {
      "icon": {
        "paths": [
          "M981.832 183.088c46.052-6.025 89.787-18.785 130.207-38.279-30.48 48.558-68.912 91.444-113.307 125.825 0.328 10.279 0.66 20.912 0.66 31.545 0 320.763-228.271 690.795-645.724 690.795-128.216 0-247.488-40.049-347.875-109.165 17.891 2.126 35.782 3.189 54.004 3.189 106.351 0 204.087-38.986 281.945-103.848-99.393-2.126-183.215-72.305-212.039-168.713 13.915 2.835 28.161 4.255 42.739 4.255 20.873 0 40.751-2.835 59.967-8.506-103.7-22.33-182.221-120.511-182.221-238.182 0-1.063 0-2.126 0-3.189 30.481 18.075 65.6 29.064 102.706 30.48-60.961-43.594-101.049-118.027-101.049-202.028 0-44.305 11.264-86.128 30.812-121.926 111.983 147.091 279.295 243.498 467.81 253.776-3.976-17.722-5.964-36.152-5.964-55.292 0-133.977 101.711-242.789 226.947-242.789 65.271 0 124.243 29.418 165.658 76.558 51.684-10.988 100.384-31.19 144.119-58.837-16.568 56.71-52.348 104.204-99.395 134.331z"
        ],
        "attrs": [
          {
            "fill": "rgb(177, 177, 177)"
          }
        ],
        "width": 1130,
        "isMulticolor": false,
        "isMulticolor2": false,
        "grid": 0,
        "tags": [
          "TWITTER"
        ],
        "colorPermutations": {
          "17717717712331173417474741": [
            {
              "f": 2
            }
          ]
        }
      },
      "attrs": [
        {
          "fill": "rgb(177, 177, 177)"
        }
      ],
      "properties": {
        "order": 25,
        "id": 0,
        "name": "TWITTER",
        "prevSize": 32
      },
      "setIdx": 0,
      "setId": 5,
      "iconIdx": 8
    }
  ],
  "height": 1024,
  "preferences": {
    "showGlyphs": true,
    "showQuickUse": true,
    "showQuickUse2": true,
    "showSVGs": true,
    "fontPref": {
      "prefix": "icon-",
      "metadata": {
        "fontFamily": "icomoon"
      },
      "metrics": {
        "emSize": 1024,
        "baseline": 6.25,
        "whitespace": 50
      },
      "embed": false
    },
    "imagePref": {
      "prefix": "icon-",
      "png": false,
      "useClassSelector": false,
      "color": 0,
      "bgColor": 16777215,
      "classSelector": ".icon",
      "name": "menu",
      "height": 32,
      "columns": 16,
      "margin": 16
    },
    "historySize": 50,
    "showCodes": true,
    "gridSize": 16,
    "showGrid": false
  }
}